DianeCSingh@pookmail.com,Diane,Singh,Fa3hioX2b,4945 Romines Mill Road,Irving,TX,75038,5183828939939130
StevenDMoreno@dodgit.com,Steven,Moreno,eexaeS9su,3794 Hall Street,Las Vegas,NV,89119,5400520313347538
MeredithWHall@mailinator.com,Meredith,Hall,Hiruceed1yie,1473 Tavern Place,Wheeling,WV,26003,4916426747892323
JosephCMcLean@spambob.com,Joseph,McLean,Eicha0oh,2193 Juniper Drive,Saginaw,MI,48607,5509246184758658
PatriciaAGalli@spambob.com,Patricia,Galli,cai5uLo4Ei,1266 Laurel Lane,Valentine,TX,79854,4539069596553021
PatriciaJPierson@dodgit.com,Patricia,Pierson,phujei1Mo,2686 Ingram Street,Dayton,OH,45402,4539328481074315
RobertMPope@spambob.com,Robert,Pope,aig7aiGhahf,2594 Wilkinson Court,Fort Myers,FL,33901,5407831908116292
FrancisSAcosta@mailinator.com,Francis,Acosta,Neew6fo2,4909 Doe Meadow Drive,Williamsport,MD,21795,4916782738740164
CharlesKLosoya@mailinator.com,Charles,Losoya,Iqu0paex,4961 Orphan Road,Buffalo,NY,14202,5223414485527629
KarynWBrumbaugh@pookmail.com,Karyn,Brumbaugh,Iovohl5Iis2,1562 Del Dew Drive,Hyattsville,MD,20781,5323816927435311
KarenMGossett@spambob.com,Karen,Gossett,och1Zequi,4188 Pretty View Lane,San Francisco,CA,94103,4716190263195717
ViolaSOneal@spambob.com,Viola,Oneal,hooDoo3ad,1222 Pearcy Avenue,Chicago,WI,60606,4929611240016398
TenaMFrias@spambob.com,Tena,Frias,Oochou7Aet,2791 Columbia Boulevard,Hanover,MD,21076,4485384414015325
MaryJBingham@mailinator.com,Mary,Bingham,aoZu6aphie,3437 Woodlawn Drive,Milwaukee,WI,53219,5577169074815346
LarrySYates@dodgit.com,Larry,Yates,thoo8jeiH,1205 Tenmile Road,Boston,MA,02210,5435653576873566
RaymondDMayes@spambob.com,Raymond,Mayes,Queedeeb2ai,4005 Fowler Avenue,Lilburn,GA,30247,4916664285701536
MarkMBidwell@trashymail.com,Mark,Bidwell,ivooneeyeL5c,1861 Adonais Way,Atlanta,GA,30303,5399385002049685
BrandyHEstes@spambob.com,Brandy,Estes,aaj6Uun2AhJ6,3396 Turkey Pen Road,Brooklyn,NY,11206,5276190659606805
DorothyWNeuhaus@trashymail.com,Dorothy,Neuhaus,Ej6aezooL,3722 Dye Street,Fort Mcdowell,AZ,85269,4485619126575656
LindaFPolster@dodgit.com,Linda,Polster,ahZ9eexoo,1028 South Street,Midland,TX,79701,4716556058888825
JoseCVega@mailinator.com,Jose,Vega,aojohfil3G,2752 Turnpike Drive,Russellville,AL,35653,5153954688193202
BonnieGTaylor@mailinator.com,Bonnie,Taylor,Ahyu4ishee,3704 Trainer Avenue,Peoria,IL,61602,5455978175765102
DavidMGould@trashymail.com,David,Gould,EiSookaesh4,860 Davisson Street,West Lebanon,IN,47991,5548284550558504
KatrinaWElam@spambob.com,Katrina,Elam,aephaiX0e,3258 Bicetown Road,Brooklyn,NY,11206,4929404049712726
AnitaSPinard@dodgit.com,Anita,Pinard,Pa2sai0ah,3402 Dancing Dove Lane,New York,NY,10013,5111788701510310
EricLChmura@trashymail.com,Eric,Chmura,Aid1xoQuuo,636 Cabell Avenue,Washington,VA,20011,5158780904185861
NathanielCSanborn@mailinator.com,Nathaniel,Sanborn,beSh0ohSh,1891 Railroad Street,Newberry,MI,49868,4716574671381342
PaulRParham@pookmail.com,Paul,Parham,teizee0Too,4453 Highland View Drive,Sacramento,CA,95814,4716469772211607
KimberlyAGalbraith@mailinator.com,Kimberly,Galbraith,Aechei9ul,2156 Tree Top Lane,Trenton,NJ,08608,5254502212025446
EdwardMGreen@dodgit.com,Edward,Green,ahsohm4Gaw,4929 Harrison Street,San Francisco,CA,94143,4485969902854175
DonnaDPepin@dodgit.com,Donna,Pepin,sai2Eish4shee,4850 Orphan Road,Clayton,WI,54001,4716836344978063
FranciscoKLafreniere@trashymail.com,Francisco,Lafreniere,ietaeyoo9Ie,4976 Elmwood Avenue,Lynn,PA,19529,5554466139377842
ArthurAWilliams@dodgit.com,Arthur,Williams,Eibiel4Doh,4080 Burning Memory Lane,Philadelphia,PA,19103,5272273893131782
ClaraEMoore@mailinator.com,Clara,Moore,chu9ahCh,3800 Single Street,Cambridge,MA,02141,4929195000642767
MamieMWalsh@pookmail.com,Mamie,Walsh,Zaitisohb7O,120 Randall Drive,Honokaa,HI,96727,5215652902422359
JohnnieKBelt@mailinator.com,Johnnie,Belt,zei0neog9Ee,2987 Upland Avenue,Mount Gilead,OH,43338,5514116540137751
WallyCRobinson@spambob.com,Wally,Robinson,uo2Iej9wah,490 Cherry Camp Road,Chicago,IL,60607,4539546949844041
DerrickJDay@trashymail.com,Derrick,Day,Arohtoe8,4048 Calvin Street,Baltimore,MD,21201,4539564335933054
IreneBKrause@spambob.com,Irene,Krause,Ahb1za3ai,1791 Wiseman Street,Knoxville,TN,37917,5113002737433564
DarylSGaliano@spambob.com,Daryl,Galiano,Thee1quoh3,3709 Duck Creek Road,San Bruno,CA,94066,4539023372103840
DennisNRogers@trashymail.com,Dennis,Rogers,oosohf6Pa7p,4270 Ryder Avenue,Bothell,WA,98021,5198598541221044
SharonJStell@mailinator.com,Sharon,Stell,ohtooboh9Ie,237 Bassell Avenue,Wichita,AR,67202,4532599152150421
AdelaideWWalker@spambob.com,Adelaide,Walker,oofigh4I,1857 Burton Avenue,Memphis,TN,38138,5364471966350359
PatNForbes@pookmail.com,Pat,Forbes,faWieS9aeb,2367 Hinkle Lake Road,Cambridge,MA,02138,5466309148041131
HelenDMcKenny@trashymail.com,Helen,McKenny,Doo7pie0Ae,2088 Davisson Street,Kokomo,IN,46902,5432903183744780
MaryGMcClendon@mailinator.com,Mary,McClendon,eeWi7ouqu,4051 Hilltop Street,Colrain,MA,01340,4929132655855378
ThomasAStennis@trashymail.com,Thomas,Stennis,queeV0ohf,3056 Turnpike Drive,Delta,AL,36258,4532622028571651
WeldonBCunningham@pookmail.com,Weldon,Cunningham,Hoogh0wee2,3266 Oakwood Circle,Fullerton,CA,93632,5149863914412400
JohnDHumphrey@trashymail.com,John,Humphrey,ooSedu6eeG6,749 Saints Alley,Tampa,FL,33619,5332833567838919
TimothySDaugherty@pookmail.com,Timothy,Daugherty,ahgh6Uiz,2291 Lamberts Branch Road,Miramar,FL,33025,5452314070090094
JenniferCPowe@dodgit.com,Jennifer,Powe,Nib4ohnoh,4731 Rosewood Lane,New York,NY,10011,4916851136174191
JosephAFurguson@spambob.com,Joseph,Furguson,jiDohxupo9oo,1751 Seneca Drive,Portland,OR,97218,4556708201847090
RobertSHensley@dodgit.com,Robert,Hensley,eeLeit2el7i,3703 Wright Court,Seattle,WA,98101,5220586613478503
RickyMFlickinger@spambob.com,Ricky,Flickinger,Eicos1JaiVee,2657 Tenmile Road,Boston,MA,02199,4556901585251241
RhodaEBlack@trashymail.com,Rhoda,Black,le6doh9Xei,594 Despard Street,Atlanta,GA,30309,4539323546630292
HoneyAStone@pookmail.com,Honey,Stone,cheb4Chui3b,2837 Richison Drive,Helena,MT,59601,5342761016585252
KennethBOneal@trashymail.com,Kenneth,Oneal,ooQuoo4ai,2612 Bottom Lane,Buffalo,NY,14214,4556973772453138
AshleyMRiley@pookmail.com,Ashley,Riley,ahPh4oochai,1611 Meadowcrest Lane,Lexington,KY,40507,5379146769716997
GinaDPierce@mailinator.com,Gina,Pierce,eiG7raequ,3265 Woodbridge Lane,Detroit,MI,48205,4716324951119628
ChrisSScott@spambob.com,Chris,Scott,oomeux9eiTo,1233 Village View Drive,Fort Myers,FL,33905,5139722463369852
RoseDFrancis@spambob.com,Rose,Francis,ZiJah4yei6l,614 Richards Avenue,Tracy,CA,95376,4485313828094188
HelenJHills@dodgit.com,Helen,Hills,liex9aHeiF,2307 Ben Street,Lansing,MI,48933,5526261351437316
ArleneJPeterson@trashymail.com,Arlene,Peterson,Shae3ug2ohqu,4808 Valley Lane,Austin,TX,78758,5400202375371744
JulioLHerald@spambob.com,Julio,Herald,eiHeetoh9o,4152 Parkview Drive,Anaheim,CA,92804,5345659179575218
TimothyLBollinger@mailinator.com,Timothy,Bollinger,feech9pie6Oh,1045 Holden Street,San Diego,CA,92115,5367822962329259
ChristopherRPigg@pookmail.com,Christopher,Pigg,Azahteip8aa,3866 Poe Lane,Shawnee,KS,66214,5582188753153426
LuzJWilliams@dodgit.com,Luz,Williams,yu0aeDiCho,1918 Boggess Street,Carrollton,TX,75006,5200154824252045
GladysDSorensen@pookmail.com,Gladys,Sorensen,aefee6Inah,273 Maple Avenue,Stockton,CA,95204,5412620046153751
NancyJRowe@dodgit.com,Nancy,Rowe,wieheu1iZ9,3683 Norma Lane,Shreveport,LA,71101,5331036491220409
ErnestTBrewer@spambob.com,Ernest,Brewer,oi4eshoa0Ch,467 Todds Lane,San Antonio,TX,78229,4716168499763862
ArthurMKennedy@dodgit.com,Arthur,Kennedy,eesh7BeiFae,3108 Prospect Street,Pennsauken,NJ,08110,5274208274864591
ChristopherVWillis@pookmail.com,Christopher,Willis,ko1keiPhi1,2597 Kembery Drive,Roselle,IL,60172,4916107870097712
MaryCEngland@spambob.com,Mary,England,KohYesai4,3374 Angie Drive,Burbank,CA,91505,4485516840983465
GilbertKSadler@dodgit.com,Gilbert,Sadler,ooweire2M,4441 Todds Lane,San Antonio,TX,78225,4929511318811938
JessicaROng@dodgit.com,Jessica,Ong,ENiewan4,2314 Stanley Avenue,Garden City,NY,11530,5542897388142328
RoyMGarcia@spambob.com,Roy,Garcia,iM7sai3u,4812 New Street,Bend,OR,97701,4556556561662272
NancyLTruong@trashymail.com,Nancy,Truong,vov5Eiqu3y,1490 Joyce Street,Greenville,NC,27834,4916277975125427
MelodyCJennings@pookmail.com,Melody,Jennings,aeShe8quei,2492 Coffman Alley,Paducah,KY,42003,4556149238868314
LauraMRhodes@pookmail.com,Laura,Rhodes,Nophaed5P,3342 Rardin Drive,San Francisco,CA,94107,4556537109038258
MildredJRodriguez@mailinator.com,Mildred,Rodriguez,EichaX2b,3090 Andell Road,Nashville,TN,37210,5501244001977351
MaryMClark@spambob.com,Mary,Clark,Eete8quai,4174 Heavner Avenue,Carrollton,GA,30117,5509786514785749
LaneLByrd@spambob.com,Lane,Byrd,aeX6Ooquos,722 Green Street,Nashville,TN,37201,5289109334443116
AureaJPerham@spambob.com,Aurea,Perham,ailaxoo9Zei,160 Stoney Lane,Dallas,TX,75204,5378265866379292
JoelEWomack@trashymail.com,Joel,Womack,ohgoo8Koh8,2007 Fittro Street,Little Rock,AR,72201,5365851813321076
MikeMOno@trashymail.com,Mike,Ono,DeeBah7ij0,1762 Skips Lane,Victorville,AZ,92392,5354784726877442
JohnKWaterman@dodgit.com,John,Waterman,bi5gahThie,4825 McDowell Street,Nashville,TN,37204,5546934723824694
TracyJHoward@dodgit.com,Tracy,Howard,Ieth1tequ5Ph,1880 Cooks Mine Road,Sanostee,NM,87461,4716926940863155
AlfredJHampton@spambob.com,Alfred,Hampton,ahhaiGei1Mah,2988 Polk Street,Tucson,AZ,85716,5256922045585994
JennaSGreenwood@spambob.com,Jenna,Greenwood,Aqu5Aequae,2240 Poco Mas Drive,Richardson,TX,75081,4556655123199672
PaulAKennerson@spambob.com,Paul,Kennerson,ieCha2mii,2606 Bartlett Avenue,Detroit,MI,48226,4916899274847623
KristiCColetti@spambob.com,Kristi,Coletti,einiak3En0ie,2810 Shobe Lane,Denver,CO,80203,4929123725061998
KrystleMCarroll@spambob.com,Krystle,Carroll,PahChai2ee,244 Providence Lane,Pasadena,CA,91104,4556173703248919
CrystalDGuerrero@trashymail.com,Crystal,Guerrero,thous7ooChie,1793 Village View Drive,Savage,MD,20763,5317297267737434
RichardSMiller@mailinator.com,Richard,Miller,OhneePee1mo,2257 Aviation Way,Los Angeles,CA,90017,5535465682886336
DavidMChunn@pookmail.com,David,Chunn,veip9Uiz,913 Mesa Drive,Las Vegas,NV,89121,4485713943241277
CharlesPHooks@spambob.com,Charles,Hooks,oFohveelu5l,2161 Stuart Street,Pittsburgh,PA,15205,4929888845641925
MargaretPBooth@mailinator.com,Margaret,Booth,Aes7tahcei,2107 Freed Drive,Stockton,CA,95202,4716825703476645
LauraSGaribay@mailinator.com,Laura,Garibay,toh5Loob9ph,720 White River Way,Salt Lake City,UT,84104,5378785085840329
MarvinRHaley@trashymail.com,Marvin,Haley,yoy5aeLie,1733 East Avenue,Tempe,AZ,85281,5435438192662514
JamesCFisher@trashymail.com,James,Fisher,hohnge3il7Oh,2393 Wayback Lane,Garden City,NY,11530,5406163158191770
ChristineCGay@spambob.com,Christine,Gay,ieQuu6Ugha,124 Walnut Drive,Fargo,ND,58102,5216547745529452
ElizabethTBowen@spambob.com,Elizabeth,Bowen,cei9Ohng8vi,200 Jessie Street,Westerville,OH,43081,4532827022277763
JayKHoffman@mailinator.com,Jay,Hoffman,gieJohQu7d,4590 Brown Avenue,Blue Ridge,SC,29651,4532175378967037
JerryDFleming@mailinator.com,Jerry,Fleming,mohqui0leiW,565 Fairway Drive,Vacaville,CA,95688,5303149347752972
JuliaKKyte@dodgit.com,Julia,Kyte,ieMahsh8qu,1871 Pike Street,San Diego,CA,92128,5278271057576804
JoshuaAWinbush@pookmail.com,Joshua,Winbush,iV2ahgoh1,1877 McDonald Avenue,Kissimmee,FL,34741,5482359926279890
CathyWShropshire@mailinator.com,Cathy,Shropshire,Zietho8wav6,1295 Chenoweth Drive,Clarksville,TN,37040,5504408988743964
EllenJBarros@dodgit.com,Ellen,Barros,La5uph7ie,1958 Weekley Street,San Antonio,TX,78225,5333099724068787
MaryNYazzie@pookmail.com,Mary,Yazzie,eetaG1Wee,1708 Baker Avenue,Fort Worth,TX,76102,5228608460292811
OctavioDHutchins@trashymail.com,Octavio,Hutchins,Lae5chieSh,3746 Bell Street,New York,NY,10019,5436894152782701
LesterRBradley@spambob.com,Lester,Bradley,rai1eeb4Ah,1900 Eva Pearl Street,Albany,LA,70711,4532158738043145
RobertNAllen@pookmail.com,Robert,Allen,nohFae9ah,270 Timber Oak Drive,Camarillo,CA,93010,4539767876230232
TerryABarnes@trashymail.com,Terry,Barnes,ieweeM2jee5I,595 Sunny Glen Lane,Cleveland,OH,44105,5141086402490245
AngelaJSmith@dodgit.com,Angela,Smith,cied0uZe,2730 Progress Way,Cedar Rapids,IA,52401,4916611847620159
LindaDWilliams@pookmail.com,Linda,Williams,ej1Tahs4e,2548 Junkins Avenue,Albany,GA,31707,4532077568075896
MaryKBays@spambob.com,Mary,Bays,kah4Rai9ch,1785 West Virginia Avenue,West Port,NY,12993,4539363959168257
FeltonFCarney@mailinator.com,Felton,Carney,ohTei1euk,1306 Evergreen Lane,Los Angeles,CA,90017,4916451607441631
HaroldMRunyan@dodgit.com,Harold,Runyan,Riezu6Iqu,821 Geraldine Lane,Garden City,NY,11530,5229645417547953
AlexanderCAdams@mailinator.com,Alexander,Adams,Nee2oCha1,1868 Scenic Way,Weldon,IL,61882,5134641098625766
RobertaMTucker@dodgit.com,Roberta,Tucker,sheak8oqueJ,1599 Clousson Road,Terril,IA,51364,4556583657369315
TrevorTMullaney@trashymail.com,Trevor,Mullaney,ootoYay7,3709 Star Route,Schaumburg,IL,60173,4916047111399214
BerniceKBarreto@mailinator.com,Bernice,Barreto,hohnal8Y,2051 Fairmont Avenue,Trenton,MO,64683,4716692637287583
AnnPBryant@pookmail.com,Ann,Bryant,DeiN9aephai,3845 Lowes Alley,Westerville,OH,43081,5580003798863412
VanessaMErhart@mailinator.com,Vanessa,Erhart,iejoh6Ce,623 Clousson Road,Houston,TX,77002,4485068332746299
KyleEWalker@spambob.com,Kyle,Walker,atei4Ejes,2356 Whitman Court,Norwalk,CT,06851,5219733328640356
JulieRWright@mailinator.com,Julie,Wright,uZeigh7sahM,3661 Matthews Street,Sterling,IL,61081,5216545688548828
ShaunNThompson@mailinator.com,Shaun,Thompson,Iez9eophaing,483 Duff Avenue,South Burlington,VT,05403,4539928678765110
LisaDSalazar@mailinator.com,Lisa,Salazar,Aiquug1lah,4463 Late Avenue,Broken Bow,OK,74828,4929802126727352
KatherinePGoddard@spambob.com,Katherine,Goddard,eich7aiGoong,4520 Olive Street,Toledo,OH,43602,5508347142204131
FannieRHall@trashymail.com,Fannie,Hall,Rei8ahPu,4767 Rainy Day Drive,Boston,MA,02109,4532570129411733
DianneJMcIntosh@trashymail.com,Dianne,McIntosh,tha5Soh0eim,990 Oak Ridge Drive,Rolla,MO,65401,5406617097708044
TimothyRHoward@pookmail.com,Timothy,Howard,qua4ACie,4947 Cerullo Road,Louisville,KY,40299,5597793557224365
DonaldDKnowles@mailinator.com,Donald,Knowles,phu7Sei0fo,1156 Filbert Street,Philadelphia,PA,19107,5577444211010147
TinaRHildebrand@trashymail.com,Tina,Hildebrand,yah1ZeiCa,3103 Wayside Lane,Richmond,CA,94801,5315131676000807
SheilaSAlvarez@dodgit.com,Sheila,Alvarez,dai4ewiQuah,4090 Rainy Day Drive,Cambridge,MA,02142,4916612309522842
JonathonMLoomis@trashymail.com,Jonathon,Loomis,zug0ahm3Oo,504 Pearl Street,Sacramento,CA,95814,4539143210103222
FranklinLBurgess@spambob.com,Franklin,Burgess,ohFohgh0E,4644 Terra Street,Forks,WA,98331,5125739719368039
DennisMMackenzie@trashymail.com,Dennis,Mackenzie,maepe6oguMo,4275 Owen Lane,Grand Rapids,MI,49503,5277590811860639
VictoriaBObrien@dodgit.com,Victoria,Obrien,easeeQuei3ee,2875 Cimmaron Road,Burbank,CA,91505,5408166614196737
CorneliusSThibault@spambob.com,Cornelius,Thibault,Oa9aeth4Ash,543 Lightning Point Drive,Arlington,TN,38002,5109814837788234
DanielNGonzales@trashymail.com,Daniel,Gonzales,Aihe7Jahsh,14 Walt Nuzum Farm Road,East Rochester,NY,14445,5362790391969349
KatieTGuiterrez@trashymail.com,Katie,Guiterrez,thaima0Ohph,2278 Roy Alley,Denver,CO,80202,5235160340556651
JosephECopes@mailinator.com,Joseph,Copes,Iegaeyaof0Oo,2435 Hall Valley Drive,Wolf Summit,WV,26462,4716445061362418
GraceNKimbrell@mailinator.com,Grace,Kimbrell,ag9on8ceiNei,2904 Pinnickinnick Street,Newark,NJ,07102,4716393712937743
DavidYBailey@trashymail.com,David,Bailey,dah3saW8Ie,119 Pritchard Court,Rochester,MN,55902,4916293967906146
RobertoCPowell@mailinator.com,Roberto,Powell,iexoh2Phaeg,1735 Sycamore Fork Road,Hopkins,MN,55343,4716480351163556
JamesAEdgerton@spambob.com,James,Edgerton,io1Thu0ien3,3705 Coal Road,Blossburg,PA,16912,4916972003920084
ChristopherJKarnes@trashymail.com,Christopher,Karnes,Wuga4uuNgie,4831 Chandler Drive,Branson,MO,65616,5304992915496491
CarolMSchwing@spambob.com,Carol,Schwing,jugim5eYae,3334 Charles Street,Manchester,MI,48158,5315373353552086
BeatriceNBourgeois@trashymail.com,Beatrice,Bourgeois,ung7Oosh,1044 Poe Road,Charleston,SC,29424,4539149244859374
FrancisYTaylor@dodgit.com,Francis,Taylor,oF6ieZohth1,3888 Blackwell Street,Tetlin,AK,99779,5334108199703551
AndrewJTate@trashymail.com,Andrew,Tate,choo6iehoh5R,417 Twin Oaks Drive,Big Rapids,MI,49307,4532174141131740
LouisAThomas@pookmail.com,Louis,Thomas,IeVahY1ee,4452 Skinner Hollow Road,Eugene,OR,97401,5124399800758381
TimothyAScott@mailinator.com,Timothy,Scott,Wooquie6th,1013 Woodland Avenue,New Orleans,LA,70171,4532837175506884
PetraNPayne@trashymail.com,Petra,Payne,eChe8chub5,666 Cedar Street,Pine Bluff,AR,71601,4485531042210658
MarySCooper@dodgit.com,Mary,Cooper,aik7eef1oNa,4376 Carriage Lane,Toledo,OH,43604,5512153453974013
EugeneSEvans@mailinator.com,Eugene,Evans,ExieQu8op9Sh,680 Olen Thomas Drive,Palo Pinto,TX,76072,5302214422488123
HazelMPratt@spambob.com,Hazel,Pratt,wi6phi7Ok,3499 Cameron Road,Ellington,NY,14732,5187383609025378
JesusAGrant@dodgit.com,Jesus,Grant,pha3Aeg8rak,3306 Oakridge Farm Lane,Waukesha,WI,53186,4539199271405906
WilliamDWright@spambob.com,William,Wright,fiu4eo9ooDah,828 Woodside Circle,Tallahassee,FL,32301,5126298186071765
LisaMBurden@pookmail.com,Lisa,Burden,ohY6UiheQu1,1811 Counts Lane,West Hartford,CT,06105,4916804089772107
GaryDBarnett@trashymail.com,Gary,Barnett,buZ7jeeR,3461 Wexford Way,Lancaster,SC,29720,5259074112181559
JackSMontanez@dodgit.com,Jack,Montanez,aecah4Mee,271 Romines Mill Road,Dallas,TX,75247,5367092851539612
JessieRMaldonado@pookmail.com,Jessie,Maldonado,Ohngal9jie,2697 Lunetta Street,Bowie,TX,76230,5257070088458312
MurielIWilliams@trashymail.com,Muriel,Williams,lodung7Ohnoh,3671 West Street,Sand Lake,MI,49343,4929655797869360
RandyDGelb@pookmail.com,Randy,Gelb,Aot7toh3Ahph,4145 Lang Avenue,Oak City,UT,84649,4532700714638495
IreneRReagan@pookmail.com,Irene,Reagan,Phe0ooj6dax,1653 Lena Lane,Hattiesburg,MS,39401,5309944285650525
StephanieBMcKenzie@pookmail.com,Stephanie,McKenzie,hu7Haad8Th,575 Pineview Drive,Cambridge,MA,02141,4929065990299805
KatherineSHendrickson@trashymail.com,Katherine,Hendrickson,fahNg4pee,2332 McDowell Street,Nashville,TN,37214,4929585357814250
CharlesTCasto@pookmail.com,Charles,Casto,dah0GooGa3,3776 Custer Street,Erie,PA,16509,5522749718528557
MarshallAWoodley@dodgit.com,Marshall,Woodley,Pohbae0bem7,1377 Berry Street,Colorado Springs,CO,80906,5127372515829182
JoanneJRogers@spambob.com,Joanne,Rogers,xoshaaS8,4268 Maloy Court,Morrill,KS,66515,4929063836968949
JosefinaJBussell@spambob.com,Josefina,Bussell,IuPh3Ux7ma,3755 Matthews Street,Chicago,IL,60601,5165222457130631
GeorgeTDubose@trashymail.com,George,Dubose,foongaiFoo6,3265 Coal Road,Lewisburg,PA,17837,5249234573165342
KennethBReed@pookmail.com,Kenneth,Reed,aeNgio3ohn,1989 Long Street,Gainesville,FL,32601,5123767609453829
RichardRXavier@mailinator.com,Richard,Xavier,IaM4Yei8jeth,1556 Public Works Drive,Chattanooga,TN,37421,4916758001428539
CharlesCEthier@trashymail.com,Charles,Ethier,Tepaiz9oo,1773 John Avenue,Lansing,MI,48933,4916636300505167
KimberlyZGoodman@pookmail.com,Kimberly,Goodman,ooGheihahm3,4748 Sun Valley Road,Republic,WA,99166,4556179876779259
HomerKHarrell@spambob.com,Homer,Harrell,Il5joothai,1913 Valley View Drive,Newton,MA,02160,5245725629614781
LoriMCintron@dodgit.com,Lori,Cintron,zai4ohDah,2769 Bryan Street,Greensboro,NC,27407,4929300325792871
LindsayHRichert@mailinator.com,Lindsay,Richert,kohb3aFuu,2436 Cityview Drive,Bensalem,PA,19020,4539776675988825
WilliamRPaul@spambob.com,William,Paul,roomah6Ai,39 New Creek Road,Huntsville,AL,35802,5463910677388521
NicholasKSorenson@mailinator.com,Nicholas,Sorenson,Poochei8,1495 Nancy Street,Raleigh,NC,27603,4929323887375653
JimKHall@pookmail.com,Jim,Hall,phaaD1nei9,4118 Wildrose Lane,Detroit,MI,48226,5479538938842564
AdamSGee@dodgit.com,Adam,Gee,oeKe3aivoo,2883 Cherry Ridge Drive,Rochester,NY,14623,4556613706794161
BrendaCParsons@pookmail.com,Brenda,Parsons,eHo6aezeeg,608 Ruckman Road,Oklahoma City,OK,73116,4929202981508296
PamDSerrano@spambob.com,Pam,Serrano,eixa3Dioph,1508 Fairfield Road,Slinger,WI,53086,5570734338182242
BruceDBarrera@dodgit.com,Bruce,Barrera,gee7je2Mae5qu,4145 Birch  Street,El Paso,TX,79902,4929325354353816
LydiaJDunham@dodgit.com,Lydia,Dunham,Xoomieh6,4772 Ralph Drive,Lorain,OH,44052,5570899346565942
JamesZSiegle@spambob.com,James,Siegle,Viid1Nee0ae,4912 Winifred Way,Lafayette,IN,47901,4532222318016267
HenryPRice@mailinator.com,Henry,Rice,En2ejepah,449 Arbutus Drive,Miami,FL,33141,4916140155589236
MichaelBSevilla@mailinator.com,Michael,Sevilla,ief5Rukoa8Ae,3730 Heavner Court,Grimes,IA,50111,4916557583259860
AlbertAGomez@spambob.com,Albert,Gomez,eeM2oizon,491 Maple Street,Anaheim,CA,92805,5233883114638965
JanetRCannella@spambob.com,Janet,Cannella,ahw3iHoh,2984 North Street,Salt Lake City,UT,84104,5490923127147907
AngelaFHowell@pookmail.com,Angela,Howell,thohr4ahPh,43 Woodlawn Drive,New Berlin,WI,53151,5447860670178620
KatherineDGuitierrez@pookmail.com,Katherine,Guitierrez,Quiek5Zi2zae,4875 Lauren Drive,Beloit,WI,53511,5101466559719737
LaurenTLynch@dodgit.com,Lauren,Lynch,vieKai0jae,4511 Court Street,Saint Louis,MO,63101,4539304769680586
LeonCMiller@mailinator.com,Leon,Miller,phieb2Pahf,2729 Romrog Way,Maywood,NE,69038,4929543922298467
BerthaACordon@spambob.com,Bertha,Cordon,vohDooR5C,4073 Weekley Street,San Antonio,TX,78212,4485152811878011
WilburASweet@mailinator.com,Wilbur,Sweet,coeTie6Ae,1699 Frank Avenue,Springfield,MA,01103,4929945443183740
DarrylMJordon@pookmail.com,Darryl,Jordon,aiPh1faecu,1191 Marshall Street,Baltimore,MD,21202,5474188922355168
PatriciaWGlenn@spambob.com,Patricia,Glenn,XooK6seR,1323 Reppert Coal Road,Jackson,MS,39213,5375889267589994
TiffanyHHyde@spambob.com,Tiffany,Hyde,yohgu1Ti1,2494 Flynn Street,Cleveland,OH,44115,4716840178149411
StacyVLangford@pookmail.com,Stacy,Langford,Kuor9vuekae,2911 Lindale Avenue,Oakland,CA,94612,4916166666489921
JudyRVigue@pookmail.com,Judy,Vigue,aiwoo2laeTh,3367 Logan Lane,Denver,CO,80022,5256035606921001
ThomasLEsparza@spambob.com,Thomas,Esparza,WieGh1foh,1805 Loving Acres Road,Kansas City,MO,64137,4716816172195121
TanikaMMartin@mailinator.com,Tanika,Martin,Iup4xaigee,2406 Ashmor Drive,Wadena,MN,56482,4556529478685017
SteveGFunderburk@spambob.com,Steve,Funderburk,mee7Zaigh,1657 Colonial Drive,Bryan,TX,77808,4716558274037237
ChrisMButler@mailinator.com,Chris,Butler,Vei6jaesieQu,1979 Bingamon Branch Road,Elk Grove Village,IL,60007,5351134534436036
StephenMClark@trashymail.com,Stephen,Clark,ooCoogh2,645 Monroe Avenue,Tampa,FL,33610,4485150875062498
DavidPFord@dodgit.com,David,Ford,jaivia7aeVoh,779 Monroe Avenue,Fort Myers,FL,33901,5551241642062618
KristenLLund@dodgit.com,Kristen,Lund,daiFeeX9r,4889 Chipmunk Lane,Portland,ME,04101,5394244835153674
RodneyDSherwood@pookmail.com,Rodney,Sherwood,Agha3ahy7,3636 Gateway Avenue,Bakersfield,CA,93301,5244864427629633
FeliciaMGriffith@dodgit.com,Felicia,Griffith,AiGeiruqu8,3795 Marshall Street,Parkville,MD,21234,4929104812864411
JeanetteBRoth@trashymail.com,Jeanette,Roth,Eeboo3pueLoo3,3102 Sunny Glen Lane,Garfield Heights,OH,44125,4556132808828959
JeanetteMParker@trashymail.com,Jeanette,Parker,phoTor9vee2,444 Clousson Road,Sergeant Bluff,IA,51054,4532266699460594
CharissaMHoward@trashymail.com,Charissa,Howard,tael3Baak,2314 Water Street,Walnut Creek,CA,94596,5497903001802507
RubenJMitchel@spambob.com,Ruben,Mitchel,wie1Aesh2,2726 Big Indian,Kenner,LA,70062,4916811581171589
JoshuaSFlowers@dodgit.com,Joshua,Flowers,pieGh3Xa5Vi,4756 Thompson Street,Long Beach,CA,90807,5119329222065427
CarrollIMoreno@trashymail.com,Carroll,Moreno,Aej0ietei,1582 Mcwhorter Road,Jackson,MS,39201,5578060886958409
RebeccaTRunyon@trashymail.com,Rebecca,Runyon,heo8niu0Uwai,1084 Highland Drive,West Allis,WI,53227,4532958660007897
StephanieJSmith@dodgit.com,Stephanie,Smith,ba9Sahf4,493 Goosetown Drive,Hickory,NC,28601,5308055255190896
TonyRWinebrenner@dodgit.com,Tony,Winebrenner,huul2AikeJ,2285 Reynolds Alley,Gardena,CA,90247,4916978671875096
KarenRDrouin@trashymail.com,Karen,Drouin,Nee7Quah3f,3219 Sardis Sta,Watauga,TX,76148,5427700075958628
BeverlyJEarl@dodgit.com,Beverly,Earl,Ho8ohpoo,2750 Metz Lane,Boston,MA,02210,5105294648879320
StuartFMorgan@pookmail.com,Stuart,Morgan,Wo1ox3nee,4678 Camel Back Road,Tulsa,OK,74120,5212035575347942
MarcyGHenderson@trashymail.com,Marcy,Henderson,eiCh4AhTh,3497 Harrison Street,San Jose,CA,95134,4916712620306550
LindaOKnox@trashymail.com,Linda,Knox,pheij9eGh,2555 Mapleview Drive,Memphis,TN,38118,4539040536480559
WilliamLObrien@spambob.com,William,Obrien,eRu4uuf8ah,2401 Rainbow Road,Anaheim,CA,92801,5283859774730275
PeterCDoss@pookmail.com,Peter,Doss,yooW5muaY,4647 Musgrave Street,Atlanta,GA,30342,4539114929710946
SammyIKline@spambob.com,Sammy,Kline,Niethee8ee,4703 Amethyst Drive,Lansing,MI,48933,4539075542807676
PatrickPWeaver@dodgit.com,Patrick,Weaver,Iago9Xohz,574 Maple Street,Los Angeles,CA,90017,4532221664456143
BridgetSGates@mailinator.com,Bridget,Gates,Dua9bou5,775 Oak Way,South Sioux City,NE,68776,4716129419812551
BevMWilliams@dodgit.com,Bev,Williams,eeyeus3Aach,377 Doctors Drive,Los Angeles,CA,90017,4716117067621713
CelestineKScott@trashymail.com,Celestine,Scott,Aevaecai9e,485 Hidden Pond Road,Lavergne,TN,37086,5396356604102555
AnitaTBrooks@trashymail.com,Anita,Brooks,iW7eeph4Ein,2785 Granville Lane,Montclair,NJ,07042,4929076957441819
JoannSHall@dodgit.com,Joann,Hall,ieC4Ahw8aiqu,1774 Windy Ridge Road,Fort Wayne,IN,46802,4556442147217115
MindyMMudd@trashymail.com,Mindy,Mudd,nieBeiz4Nei,4446 Paul Wayne Haggerty Road,Marrero,LA,70072,4916880140724550
KathyEBehan@mailinator.com,Kathy,Behan,aey4aeNgah,4889 Hall Place,Frost,TX,76641,4716377815135537
LeeMBliss@pookmail.com,Lee,Bliss,Pi3Xe7aSe,2220 Berkley Street,Philadelphia,PA,19103,4539477047044021
DavidEEaton@dodgit.com,David,Eaton,Ahr7quiequ,2737 Woodland Avenue,New Orleans,LA,70112,4916601280608027
MilesSPutnam@spambob.com,Miles,Putnam,Lu7aes5Ahph,4246 Wines Lane,Houston,TX,77002,4485588444125538
RuthCRoos@mailinator.com,Ruth,Roos,chah2uamoiPh,1996 Gore Street,Houston,TX,77027,5595031310158808
VirginiaISimon@mailinator.com,Virginia,Simon,Foo1laeSahz8,1335 Tenmile,Los Angeles,CA,90017,4916092220485660
ClintMHighsmith@trashymail.com,Clint,Highsmith,aghooc8aeSh,4377 Lunetta Street,Venice,FL,34285,5366256807458356
AmyAJones@pookmail.com,Amy,Jones,xoh5iame2Sai,2943 Boone Street,Hallettsville,TX,77964,4916512539478445
PatriciaBCollings@mailinator.com,Patricia,Collings,Pa3wu3umufae,2556 Carter Street,Saint Louis,IL,63146,4716964970801001
VeraRDyal@dodgit.com,Vera,Dyal,Fe4oow5iow9ae,3411 Woodrow Way,Grangerland,TX,77302,4532106624007856
JanetCChamberlain@dodgit.com,Janet,Chamberlain,du9VieGh,1222 Central Avenue,Jersey City,NJ,07304,4532125109484463
KarenJBower@spambob.com,Karen,Bower,EiV3athoh1ei,4650 Radio Park Drive,Augusta,GA,30904,4539119054465265
LourdesHFuller@dodgit.com,Lourdes,Fuller,ooFie5oh,207 Bastin Drive,Eagleville,PA,19403,4485167965371258
TaraJCorder@dodgit.com,Tara,Corder,sei4In0lai,3822 Meadowview Drive,Fredericksburg,VA,22408,5232935437050657
AnneBSalmon@spambob.com,Anne,Salmon,iehae5ied2Ah,3504 Preston Street,Phoenix,AZ,85003,4556979326772360
AlbertCKowalski@mailinator.com,Albert,Kowalski,eiJah7yah,2158 Locust Street,Barwick,GA,31720,5313415829975763
PeggyJKim@mailinator.com,Peggy,Kim,aeNg2pho0z,194 Doctors Drive,Santa Monica,CA,90405,5563631348775537
SheriTRezendes@pookmail.com,Sheri,Rezendes,ooQuoa9ieS,195 Cottrill Lane,Bridgeton,MO,63044,5423984407381881
LauraJPoynter@spambob.com,Laura,Poynter,eizoong5A,2038 Bastin Drive,Philadelphia,PA,19108,5313158388308477
PhillipNHicks@mailinator.com,Phillip,Hicks,lei9teeg1B,1899 Rockwell Lane,Weldon,NC,27890,4716412457273203
AshtonDTolentino@dodgit.com,Ashton,Tolentino,Moob7Isei,24 McVaney Road,Charlotte,NC,28202,4716260525097686
TanishaMGreenfield@dodgit.com,Tanisha,Greenfield,aWaj5teu7,2494 Peaceful Lane,Cleveland,OH,44115,5434782995719943
PaulDCarpenter@spambob.com,Paul,Carpenter,aePh4to2ai,563 Lynch Street,Milwaukee,WI,53226,4556493746945176
TroyCThompson@mailinator.com,Troy,Thompson,quai2Oop,3654 Prospect Street,Laurel Springs,NJ,08021,4485342576131595
ValentineWPellegrino@mailinator.com,Valentine,Pellegrino,AetohPeiX1Oo,1189 Feathers Hooves Drive,Bethpage,NY,11714,4716000298250181
LavonKHerzog@pookmail.com,Lavon,Herzog,sah5Noshog,4451 Beech Street,Oakland,CA,94607,4929722393730303
MelissaSKalish@pookmail.com,Melissa,Kalish,OoH9oth1Ie,1468 Bloomfield Way,North Anson,ME,04958,5468068527741848
JimmyDBenham@trashymail.com,Jimmy,Benham,Oolieph1K,3576 Alexander Drive,Seymour,TX,76380,5273571241585420
DungPMacdonald@pookmail.com,Dung,Macdonald,aweg3Jei1Ah,4862 Chandler Hollow Road,Pittsburgh,PA,15206,4556275846843033
MichaelHLipton@spambob.com,Michael,Lipton,ooXieng8di,1988 Tully Street,Dearborn,MI,48126,4485368321936673
AshleyRCarroll@spambob.com,Ashley,Carroll,eiV8Apahw,4809 John Daniel Drive,Cape Girardeau,MO,63701,4929743453558806
JohnLGullett@trashymail.com,John,Gullett,Leepoh7eep,1223 North Street,Dillwyn,VA,23936,5587207422602558
JenniferALee@dodgit.com,Jennifer,Lee,ooZia4ahghu,1318 Candlelight Drive,Houston,TX,77088,4485245027517868
DonSStein@pookmail.com,Don,Stein,aiSie4keJ,3726 Medical Center Drive,Tampa,FL,33607,5292502399611038
SharonDEppler@spambob.com,Sharon,Eppler,hichie2Suu,71 Ferguson Street,Mashpee,MA,02649,4485198667733479
BarbaraAMolter@spambob.com,Barbara,Molter,queiFu5zu,3995 Whispering Pines Circle,Allen,TX,75002,4556800329379088
AnnieAFlowers@pookmail.com,Annie,Flowers,ecieDa1eiV,4925 Sardis Station,Golden Valley,MN,55422,4929982123035213
KyleKVanhorn@pookmail.com,Kyle,Vanhorn,uzai4zah1Too,2743 Ridge Road,Haviland,KS,67059,5236754480549788
ZacharySBasile@mailinator.com,Zachary,Basile,ohB6eiMeepei,4462 North Avenue,Sutton,NE,68979,5528266973558553
LynnAJudd@mailinator.com,Lynn,Judd,Johk6ceiMi,530 Hazelwood Avenue,Des Moines,IA,50309,5269488829684358
StevenCWerner@pookmail.com,Steven,Werner,ezo9eoChae,2178 Red Dog Road,Charlotte,NC,28202,4539751840153142
BenjaminCKelly@dodgit.com,Benjamin,Kelly,chieTuan3,2823 Gregory Lane,Louisville,KY,40202,5461027497294037
BulaJVaughn@spambob.com,Bula,Vaughn,ooghei9aiC,2920 Plainfield Avenue,Fulton,NY,13069,5542868091969497
MarleneRDooley@spambob.com,Marlene,Dooley,eip4aeJ4shai,1566 Ella Street,San Francisco,CA,94143,4485434965946665
KarenBHofmeister@trashymail.com,Karen,Hofmeister,teejei1eeS3,1399 Westfall Avenue,Owatonna,MN,55060,5338566335095404
MarilynLWhite@dodgit.com,Marilyn,White,Huwi5Asu2p,1341 Meadow Lane,Concord,CA,94520,4716931865857984
CarolynRGonzalez@mailinator.com,Carolyn,Gonzalez,ziween8Dub,506 Mount Street,Saginaw,MI,48607,5521964325859276
AnneFBattaglia@spambob.com,Anne,Battaglia,yiephee8F,2538 Lady Bug Drive,Staten Island,NY,10312,5234623572866115
ArthurBWhite@spambob.com,Arthur,White,Ahkaus6ooch,209 Melrose Street,Paterson,WA,99345,4929263095830992
KeithRBagwell@mailinator.com,Keith,Bagwell,loTeif4Tha,4427 Big Indian,Kenner,LA,70062,4916082875360052
CynthiaJMalec@trashymail.com,Cynthia,Malec,einaC6Ko7,3730 River Road,Colorado Springs,CO,80906,4485749411569179
LisaJPiedra@spambob.com,Lisa,Piedra,Ivai6quah,338 Dale Avenue,Seattle,WA,98119,4716712359022115
OllieDJohnson@pookmail.com,Ollie,Johnson,araeV3ohcha,2352 Elsie Drive,Mount Vernon,SD,57363,5222079084863351
BarbaraRHughes@spambob.com,Barbara,Hughes,xeethie4uF,2252 Oakwood Avenue,New York,NY,10017,5298466200414350
MeganFWells@pookmail.com,Megan,Wells,fohXiezee6,2324 Holt Street,West Palm Beach,FL,33411,5337640465229850
AlfredPHutcherson@dodgit.com,Alfred,Hutcherson,aeLei5eimoh,1497 Leo Street,Denver,CO,80218,5472669571127356
CarlLForsythe@dodgit.com,Carl,Forsythe,Shah6Sah,1947 Goosetown Drive,Hendersonville,NC,28792,4556158225472139
RebeccaEJones@spambob.com,Rebecca,Jones,GoDoo0kai,4787 Concord Street,Charlotte,NC,28263,4929349905076981
MindiHMiller@spambob.com,Mindi,Miller,Gaekae4kah,3568 Ritter Street,Alexander City,AL,35010,5511267767526656
HerminiaFPalmer@pookmail.com,Herminia,Palmer,Aititiochie2,2727 Ford Street,San Francisco,CA,94108,4916670424643133
IreneFGaddis@mailinator.com,Irene,Gaddis,SeeQuoi1Qu,2534 Layman Court,Norcross,GA,30071,4916109459300384
JudithAButler@mailinator.com,Judith,Butler,Nee9aiZieb,4519 Kenwood Place,Fort Lauderdale,FL,33301,4539091481391523
GeorgeSLee@spambob.com,George,Lee,fa0huuH4,3828 Chestnut Street,Tampa,FL,33610,5481915995511736
ElizabethJTedesco@trashymail.com,Elizabeth,Tedesco,Phee7shei,2761 Roosevelt Street,San Francisco,CA,94118,4485924254482067
CynthiaPYoshioka@dodgit.com,Cynthia,Yoshioka,Eu8poewi0S,1409 Hillview Street,Columbia,SC,29210,5418372785982230
TiaDSnyder@mailinator.com,Tia,Snyder,sab3Ooshaich,2326 Glendale Avenue,Burbank,CA,91504,4532224056533495
NicholasNSinclair@trashymail.com,Nicholas,Sinclair,aer3eeSh7Hoh,2072 Hillhaven Drive,Gardena,CA,90248,4716401071730102
RonaldTWebb@dodgit.com,Ronald,Webb,iShahb7eeGh,4659 Quiet Valley Lane,Sherman Oaks,CA,91403,4556886082986813
RuthECarter@dodgit.com,Ruth,Carter,faiZ0uhoiD8,2479 Goldcliff Circle,Washington,DC,20032,4539867362940227
LeonaPChaney@pookmail.com,Leona,Chaney,Eib9ci5Ra2Ee,1106 Ritter Street,Anniston,AL,36201,4539135439173234
JeffreyEMason@spambob.com,Jeffrey,Mason,doe4asohF,85 Lakewood Drive,Wayne,NJ,07477,5508417617810728
AnnaLBaskin@dodgit.com,Anna,Baskin,ahJeeshe4e,3 Libby Street,Mira Loma,CA,91752,5504780086264873
ThomasCYoung@trashymail.com,Thomas,Young,thai3Aed,17 Oakdale Avenue,Tampa,FL,33610,4556790113214767
JohnRHooks@pookmail.com,John,Hooks,eef4Deeca0,22 Pinchelone Street,Norfolk,VA,23502,5267835252010240
JosephATruax@mailinator.com,Joseph,Truax,Ne2ko3rohgh,2246 Benson Park Drive,Oklahoma City,OK,73113,5179316549107419
AndreaWRatliff@pookmail.com,Andrea,Ratliff,ahshah5eaS,4572 Diamond Cove,West Warwick,RI,02893,5414620415116148
SallyJMorgan@dodgit.com,Sally,Morgan,Jahngezu2U,1909 Bernardo Street,North Vernon,IN,47265,5344918875134113
YolandaECoogan@pookmail.com,Yolanda,Coogan,aeghai0Mu1ei,2248 Station Street,Bastrop,TX,78701,4556029270472813
CindiTLyon@mailinator.com,Cindi,Lyon,dae7iedooL9,1864 Locust View Drive,San Francisco,CA,94115,5574868390301617
ManuelJMoore@mailinator.com,Manuel,Moore,egai2Aeyeuc,3091 Augusta Park,Huntington,WV,25701,4916162211295699
AngelaJBradbury@pookmail.com,Angela,Bradbury,yae2aeToo,2639 Small Street,New York,NY,10016,5231899311407048
StevenLMooney@spambob.com,Steven,Mooney,va0Ize8ow,1562 Austin Secret Lane,St George,UT,84770,4532223550201401
WilliamGGammon@dodgit.com,William,Gammon,uch9Fith,2434 Patterson Fork Road,Chicago,IL,60606,4716088870792779
MichaelRVo@mailinator.com,Michael,Vo,xohpiuV1Oh,3721 John Calvin Drive,Bensenville,IL,60106,4532840802164135
PaulaJCrayton@trashymail.com,Paula,Crayton,Dah8teeb9,144 Kelly Drive,Charleston,WV,25301,4556471020066778
FannieBSmith@trashymail.com,Fannie,Smith,Oe3euCo4,4211 Ersel Street,Richardson,TX,75081,5263412574315071
GregorySBryant@pookmail.com,Gregory,Bryant,oiNgooth4ce,1295 Trails End Road,Plantation,FL,33317,4716722546461845
CathyEMahan@spambob.com,Cathy,Mahan,jeiXar5va,1584 Hall Place,De Berry,TX,75639,4485737875752019
RoyKLee@mailinator.com,Roy,Lee,faush0quoY,4817 Hill Street,Defiance,OH,43512,5476719311289614
ZacharyJMagnuson@mailinator.com,Zachary,Magnuson,ooquiCai9,1018 Rivendell Drive,Barberton,OH,44203,4532527334709012
ThomasSLongo@pookmail.com,Thomas,Longo,hei7rieMuaf,354 Harvest Lane,Bakersfield,CA,93301,4539459170690887
MaryDNelson@mailinator.com,Mary,Nelson,sheiwoor0Th,3917 Duck Creek Road,San Francisco,CA,94107,4716814054033999
AnnaSWheatley@pookmail.com,Anna,Wheatley,Aehahge0,120 Highland View Drive,Sacramento,CA,95815,5309424006598436
JessicaNGatton@pookmail.com,Jessica,Gatton,pes7Ceo4qu,4628 Keyser Ridge Road,Greensboro,NC,27401,4929131504806665
AngelinaBTaveras@dodgit.com,Angelina,Taveras,geev7aev9Ae,3992 Kelly Drive,Bluefield,WV,24701,4485521191914184
MonicaGWilliams@mailinator.com,Monica,Williams,Ne8wohhePo,2499 Chapel Street,Baytown,TX,77521,4532485581673474
RheaMWashington@pookmail.com,Rhea,Washington,reeh8Nihoo,4288 Wyatt Street,Boca Raton,FL,33432,4929126589276859
JosephMDavis@mailinator.com,Joseph,Davis,mahPeej1,4143 Scenic Way,Strasburg,IL,62465,4485870841120894
JamesMSisson@mailinator.com,James,Sisson,Aphierei1Th,1546 Jadewood Farms,New Brunswick,NJ,08901,5137889598561661
ShawnMCarlson@dodgit.com,Shawn,Carlson,Iaw6raeziop,4168 Clark Street,Syosset,NY,11791,5513448059631200
BrittanyVPorter@spambob.com,Brittany,Porter,aeDoh1Ies7Ie,6 Byers Lane,Chico,CA,95926,5164975028280588
MabelRLowe@mailinator.com,Mabel,Lowe,xooQueith2Sh,3533 Carolyns Circle,Dallas,TX,75204,5181572876798834
JaniceJSwanson@spambob.com,Janice,Swanson,aoGai3Ee,3043 Weekley Street,San Antonio,TX,78212,5364489130506508
BillyJOwens@pookmail.com,Billy,Owens,Woi2iev7aec,2627 Duff Avenue,Cabot,VT,05647,4539907149836981
AdamJFannin@dodgit.com,Adam,Fannin,chiuL3io,3344 Cambridge Court,Springdale,AR,72764,5223424772833051
ClaudeRHartmann@pookmail.com,Claude,Hartmann,queiZ3pa,4900 Locust Street,Barwick,GA,31720,5500982788586462
EdnaMAndersen@spambob.com,Edna,Andersen,uk2dee7Toh1,1038 Winding Way,Providence,RI,02908,5107983439898220
MichelleWYoung@trashymail.com,Michelle,Young,seilohy3Oo,3315 Duncan Avenue,West Nyack,NY,10994,5336929662962731
MarcoLWatson@dodgit.com,Marco,Watson,kooW7icae,816 Buffalo Creek Road,Nashville,TN,37201,5254339257990790
ShirlyRStiles@dodgit.com,Shirly,Stiles,yaeS4eishei,4292 Despard Street,Atlanta,GA,30303,5490195546011705
WendyKRomo@mailinator.com,Wendy,Romo,iediGh4shi,2402 College Street,Duluth,GA,30097,5595585805261815
BrentMWhite@dodgit.com,Brent,White,ier6Kaef1,2227 White Lane,Hawkinsville,GA,31036,4929466779445561
AnthonyMLawler@spambob.com,Anthony,Lawler,AiW6leiR4,1407 Point Street,Chicago,IL,60631,4916535030907943
QuincyBHaris@pookmail.com,Quincy,Haris,ohquooV5iet,4143 Pratt Avenue,Hoodsport,WA,98548,5505858142567817
MatthewCHughes@mailinator.com,Matthew,Hughes,Maeraey1,755 Elm Drive,Garden City,NY,11530,4556392778731944
MelissaJSpells@mailinator.com,Melissa,Spells,fiF5woox6,84 Sand Fork Road,Elkhart,IN,46516,5277897711411086
AveryMWright@pookmail.com,Avery,Wright,Xei3Quoo4Ki,4293 Railroad Street,Baraga,MI,49908,4532518082510918
JerryAStipe@trashymail.com,Jerry,Stipe,thooth0EeQu,4417 Stonepot Road,Newark,NJ,07102,4539770230470304
MarshaILee@spambob.com,Marsha,Lee,iej3tuNgoh,1293 Ford Street,Santa Clara,CA,95050,4716724274360041
AmyGHughes@pookmail.com,Amy,Hughes,ieMah8hoh,4803 Ashcraft Court,La Mesa,CA,92041,4556679056864300
BrianAGarcia@pookmail.com,Brian,Garcia,Ush2aetie,1072 Tecumsah Lane,Cedar Rapids,IA,52401,4929148619007674
ChristineJGidney@trashymail.com,Christine,Gidney,quiit7Mei7,110 Camel Back Road,Tulsa,OK,74120,4539499981791128
CharlesJMoffitt@pookmail.com,Charles,Moffitt,Theeth1o,283 Thompson Street,Los Angeles,CA,90017,4929228117176112
MaryJJordan@mailinator.com,Mary,Jordan,iYitaek0,2680 Poe Lane,Kansas City,KS,66215,4716908299365453
JohnKTheriault@pookmail.com,John,Theriault,ahc1Uequ,3560 Washington Avenue,Jackson,MS,39208,4485123739243299
VickieRBoysen@pookmail.com,Vickie,Boysen,Ech5kie0,4757 Rivendell Drive,Louisville,OH,44641,4532274462041856
SueCMoffatt@trashymail.com,Sue,Moffatt,Rea3thug2,4788 Terry Lane,Longwood,FL,32750,4716605201802108
ReneeTGalloway@mailinator.com,Renee,Galloway,quooNooj9,3594 Charter Street,Lenexa,KS,66214,5427206480991295
AliceDRay@spambob.com,Alice,Ray,Aigaph8ahF,1128 Tibbs Avenue,St Ignatius,MT,59865,5423179004977500
JessicaKMiller@trashymail.com,Jessica,Miller,Uelae4Ahshae,2107 Kincheloe Road,Portland,OR,97205,4929968881380438
DanielCKeener@trashymail.com,Daniel,Keener,feilaGh5f,3773 Kelly Street,Kannapolis,NC,28081,4929542444038393
JoelBClements@trashymail.com,Joel,Clements,ee4Rathof,1093 Wood Street,Pearl River,LA,70452,4485016911565853
GuadalupeJXiong@trashymail.com,Guadalupe,Xiong,ahhahs1Aeth,1527 Reeves Street,Appleton,WI,54913,4485038391978232
DorothyIDean@pookmail.com,Dorothy,Dean,daefe2Ae,1177 Pine Garden Lane,Alpharetta,GA,30201,5177223811982465
BeverlyJKarle@dodgit.com,Beverly,Karle,Usohj8ohm,406 Abia Martin Drive,Bethpage,NY,11714,4532003568569167
JerryPCabral@mailinator.com,Jerry,Cabral,Eishoon1,1357 Buena Vista Avenue,Roseburg,OR,97470,4929890609998772
EssieTMoore@spambob.com,Essie,Moore,xue4UejoS6,2188 Fleming Street,Enterprise,AL,36330,4716460356342140
MargaretLNunn@dodgit.com,Margaret,Nunn,ieY4bie9che,3810 Barnes Street,Orlando,FL,32808,5488361824634485
AnneKLonon@pookmail.com,Anne,Lonon,foexe3baiNae,1141 Huntz Lane,Franklin,MA,02038,4485119850545215
RaymondSWeston@pookmail.com,Raymond,Weston,ahc2aht4eeB,1339 Cabell Avenue,Washington,VA,20011,5297935996145171
ThomasHThurmond@dodgit.com,Thomas,Thurmond,mushaith7Oh,3111 Rocky Road,Eddington,PA,19020,5592471918192309
SherriPWalsh@spambob.com,Sherri,Walsh,aVi4eizae1,2856 Horseshoe Lane,Newark,PA,19714,5377447927947553
JasonJHaven@spambob.com,Jason,Haven,Suakee9aejai,2972 Farm Meadow Drive,Nashville,TN,37214,5547064241561914
RussellMWatson@pookmail.com,Russell,Watson,SaiHie8sai,1720 Counts Lane,Cincinnati,KY,45214,4929846912512783
BradTMartin@dodgit.com,Brad,Martin,aRoh2vae4eB,4311 Bryan Avenue,Minneapolis,MN,55404,4716327087876755
RobertoLNester@dodgit.com,Roberto,Nester,thah9Aif,4403 Marigold Lane,Miami,FL,33147,4532124508386015
HelenEBoyd@mailinator.com,Helen,Boyd,Paitoh3aeJoo,2990 Arbutus Drive,Miami,FL,33141,4485598228066485
TomEWelch@dodgit.com,Tom,Welch,Mu5xees3ke,2142 Coleman Avenue,Calexico,CA,92231,5449484187709815
ThomasSMcConnell@pookmail.com,Thomas,McConnell,Pah4eTaix4,2741 Pride Avenue,Bronx,NY,10458,4716755573293970
AngelVRowell@mailinator.com,Angel,Rowell,eir4ophaaQu,3109 Poco Mas Drive,Lewisville,TX,75067,4532877491537197
LauraPWalker@pookmail.com,Laura,Walker,Uiquohn2,3668 Sunny Glen Lane,Warrensville Heights,OH,44128,5139634955272371
NancySVaughn@dodgit.com,Nancy,Vaughn,siebie0Ch,2143 Burning Memory Lane,Harleysville,PA,19438,4916571798056185
WilliamHYoder@pookmail.com,William,Yoder,Oow7phie0a,200 Circle Drive,Houston,TX,77002,5274705470272412
CindyBMoreno@pookmail.com,Cindy,Moreno,Eceith2ei,142 Joanne Lane,Boston,MA,02110,5420019975629560
RachelMLiberty@trashymail.com,Rachel,Liberty,sheiC9Xam8l,4747 Thompson Drive,Richmond,CA,94801,5143780644367116
LynnKBenner@spambob.com,Lynn,Benner,cu5fiMei,4314 Coal Street,Mahaffey,PA,15757,5582812261956984
LaticiaJCaudill@trashymail.com,Laticia,Caudill,rievai6Foh,1892 Corpening Drive,Southfield,MI,48034,5357921160154907
YvonneKSmith@trashymail.com,Yvonne,Smith,zeiSuyuew0,3132 Lee Avenue,Maple Shade,NJ,08052,4716846870211300
JoannPPark@dodgit.com,Joann,Park,wae6Wei9y,4983 Jett Lane,Anaheim,CA,92801,5489432456572928
RichardKVasquez@trashymail.com,Richard,Vasquez,Rai2aB6ohp8,2612 Farnum Road,New York,NY,10011,4539895171830784
EdBThompson@spambob.com,Ed,Thompson,zae3ohC4v,2019 Rainbow Road,Los Angeles,CA,90017,4916898223552581
ElliotKMedlock@dodgit.com,Elliot,Medlock,toodaij5uiQu,2497 Cemetery Street,Salinas,CA,93901,5123879794478584
ThomasBMattison@pookmail.com,Thomas,Mattison,eTaehaec6qu,2716 Collins Avenue,Columbus,OH,43085,5599070779282291
KevinSSawyer@trashymail.com,Kevin,Sawyer,Ohy0PheiD,3679 Bassel Street,Napoleonville,LA,70390,5413920260142244
LydiaADotson@trashymail.com,Lydia,Dotson,dech6ohFaaV,1648 Chapel Street,Houston,TX,77002,4485301727664342
JohnLWilliams@pookmail.com,John,Williams,Odai7LaeYai,2088 Froe Street,Mill Creek,WV,26280,5262009289863014
RyanMLossett@dodgit.com,Ryan,Lossett,Koo5sahP,2512 West Drive,Chicago,IL,60605,4716506572888942
KerryAHill@pookmail.com,Kerry,Hill,yi0shaiZae,341 Willow Oaks Lane,Lafayette,LA,70506,4485143083093371
KennethPBogle@spambob.com,Kenneth,Bogle,ieZai7riqu,4127 Prospect Street,Maple Shade,NJ,08052,4556536963093052
RooseveltEBaker@pookmail.com,Roosevelt,Baker,rae0eiJ5f,4263 Bates Brothers Road,Upper Arlington,OH,43221,5572440780880600
JeanetteUWright@pookmail.com,Jeanette,Wright,hahgaeG5ph,233 West Street,Grand Rapids,MI,49503,5154166894069006
DoloresCWood@trashymail.com,Dolores,Wood,egai0aeTh,1958 Worley Avenue,Lynchburg,VA,24501,4485461823155726
JackMFlores@dodgit.com,Jack,Flores,Huc4Cheithoh,4986 Linden Avenue,Winter Park,FL,32789,5229864978469958
DanielMHandy@spambob.com,Daniel,Handy,tu0fahBie,3285 Pooz Street,Edison,NJ,08817,5339943898353984
RobertKJohnson@trashymail.com,Robert,Johnson,eiBeeth0vee,4550 Moonlight Drive,Barnegat,NJ,08005,5475514630214877
PatriciaMSteadman@spambob.com,Patricia,Steadman,aiDese3omie,3636 Coburn Hollow Road,Metamora,IL,61548,4916704043263229
MarkJTracy@spambob.com,Mark,Tracy,iPh5aaboo,92 Thomas Street,Northbrook,IL,60062,4556285161567380
FlossieRAllen@spambob.com,Flossie,Allen,Eene0miep,4191 East Avenue,Superstition,AZ,85207,5467387063920090
ToniaRJohnson@spambob.com,Tonia,Johnson,Ush6pheiF,3829 Lee Avenue,Maple Shade,NJ,08052,5554610554940861
KeithADodrill@spambob.com,Keith,Dodrill,iekoo8xohPo5k,3684 Ward Road,Monsey,NY,10952,4716108769096015
SaraJDean@trashymail.com,Sara,Dean,cheiTai6pie,331 Poplar Lane,Miami,FL,33142,5329880293847206
AndreJPatterson@spambob.com,Andre,Patterson,eeWug4aiB,1963 Doctors Drive,Hermosa Beach,CA,90254,4716299754319882
HaroldSWetmore@pookmail.com,Harold,Wetmore,yoo7Ba7Th,545 Sunset Drive,Berryville,AR,72616,4556749790920237
BessieJWilliamson@dodgit.com,Bessie,Williamson,Ieh4Ienie,688 Crim Lane,Dayton,OH,45407,4485507787280916
JosephJSchmid@spambob.com,Joseph,Schmid,ohTh9Ceix9,4091 Railroad Street,Marquette,MI,49855,5329625131424936
BernadetteEDevereaux@dodgit.com,Bernadette,Devereaux,iQueequi6ao,2117 Woodstock Drive,Los Angeles,CA,90017,5281364865828999
SherryJMiller@pookmail.com,Sherry,Miller,cheiThae6duw,4973 Parkview Drive,Bellflower,CA,90706,5124988706264195
DanielPScarborough@pookmail.com,Daniel,Scarborough,phaeXahk7,4694 Heavner Court,Bohemia,NY,11716,4539318462883099
WillardJRogers@mailinator.com,Willard,Rogers,iel4Caap,318 Walnut Hill Drive,Cincinnati,OH,45205,4532254327521805
AnnDRichardson@dodgit.com,Ann,Richardson,tahWa3uoGae,1756 Heron Way,Portland,OR,97205,4929143803578747
DorothyJLee@pookmail.com,Dorothy,Lee,riacho4N,3944 Black Oak Hollow Road,San Jose,CA,95113,5552423668742252
JamesKDickerson@pookmail.com,James,Dickerson,Eeshoo1Ah,4652 Freed Drive,Stockton,CA,95219,4929247252909863
BettyRFelan@pookmail.com,Betty,Felan,shiir8ooH,1645 Kembery Drive,Chicago,IL,60605,5411267000623584
PhyllisDStewart@pookmail.com,Phyllis,Stewart,eiS8Uohee,2956 Berry Street,Colorado Springs,CO,80904,5501332928828219
DarleneDParson@pookmail.com,Darlene,Parson,ahvieDoh8j,1556 Mount Tabor,Westbury,NY,11590,5167384177722093
CherylPPeace@trashymail.com,Cheryl,Peace,thu2aec8iP,1542 Geneva Street,New York,NY,10007,5563573187271261
JamesMLondon@pookmail.com,James,London,thaizaPh0,3736 Fowler Avenue,Norcross,GA,30071,5118349289521360
SusanMPeterson@mailinator.com,Susan,Peterson,vaaFook2ei,3520 Charmaine Lane,Post,TX,79356,5335173798023867
RustyRHenning@pookmail.com,Rusty,Henning,ieVai9aep,2357 Braxton Street,Marseilles,IL,61341,5314272924737310
EdwardDZeller@pookmail.com,Edward,Zeller,Ooz0ofie1,4362 Carter Street,Saint Louis,IL,63146,5350275148958369
RobertAJones@pookmail.com,Robert,Jones,Ahh0aech0f,1496 Bastin Drive,Portland,PA,97205,4916132273778544
CharlesMPou@pookmail.com,Charles,Pou,aix8oHaikah,2080 Long Street,Ocala,FL,34471,4929687069417495
DonnaGMaddock@pookmail.com,Donna,Maddock,Xoodah6yai,1503 Layman Avenue,Fayetteville,NC,28306,5208428311994026
RoyVGeary@dodgit.com,Roy,Geary,yahkua1Th,4927 Ashton Lane,Austin,TX,78741,4929177296538263
ArronWSkidmore@trashymail.com,Arron,Skidmore,Cho4heip,3073 Willis Avenue,Hastings,FL,32145,4916818205927247
WilliamEWaugh@spambob.com,William,Waugh,Airah1Xo,4322 Felosa Drive,Bellflower,CA,90706,4716330019003084
ChristopherRWhitworth@trashymail.com,Christopher,Whitworth,OoGooghie1z,2353 Agriculture Lane,Miami,FL,33145,4929598310627552
JohnnieASmith@trashymail.com,Johnnie,Smith,voo2Xahh,1352 Briercliff Road,Brooklyn,NY,11223,4532450681433260
HollyFBryant@pookmail.com,Holly,Bryant,Opei8aiMohx,3420 Bernardo Street,Polk City,FL,33868,4532284740505747
PaulJWallace@pookmail.com,Paul,Wallace,aiTe5eeHeeh,4452 Spruce Drive,Pittsburgh,PA,15219,4556252721622410
JeannineCBrowning@trashymail.com,Jeannine,Browning,oobe3Il5,192 Ventura Drive,Salinas,CA,93901,4716869157581690
ElijahVBallard@trashymail.com,Elijah,Ballard,Phae0chi6,3222 White Oak Drive,Peculiar,MO,64078,5165031365464994
ManuelLChilds@spambob.com,Manuel,Childs,un2Uib5di9,777 Dancing Dove Lane,Garden City,NY,11530,4539616857134717
GingerLFairbanks@pookmail.com,Ginger,Fairbanks,Nohy8Xo3Th,1101 Flint Street,Saipan,MP,96950,5590822355742117
DanDKiernan@pookmail.com,Dan,Kiernan,ohsang7Lati,4641 Happy Hollow Road,Whiteville,NC,28472,4916561663156897
DennisSTrevino@spambob.com,Dennis,Trevino,Caa2Eethish,132 Whiteman Street,Pennsauken,NJ,08110,5473569375742922
JackNMartinez@pookmail.com,Jack,Martinez,shao5eBoo,3802 Black Stallion Road,Louisville,KY,40202,5500287131860147
LeroyDThomas@dodgit.com,Leroy,Thomas,Vo3chahcae,4952 Heliport Loop,Louisville,IN,40223,5114140767764513
NoraCBynum@dodgit.com,Nora,Bynum,shooJah8vei,2040 Layman Avenue,Vidalia,GA,30474,5315510266672291
JessicaJCavanaugh@mailinator.com,Jessica,Cavanaugh,hiel9Ooghai,1871 West Fork Street,Helena,MT,59601,5404634483949043
JustinSFerguson@mailinator.com,Justin,Ferguson,yacah0Jii,4766 Duff Avenue,South Burlington,VT,05403,5484367426842685
StephaneGHopkins@pookmail.com,Stephane,Hopkins,Ahcie0iingah,1255 Cambridge Place,Glen Burnie,MD,21061,5136446127937697
CharlesCPettway@spambob.com,Charles,Pettway,Wah6vi5l,4024 Stutler Lane,Erie,PA,16501,5413612717223194
TracieELyle@pookmail.com,Tracie,Lyle,zaM3Aj8i,4921 Primrose Lane,Dickeyville,WI,53808,4929934081672651
RudyJStagg@dodgit.com,Rudy,Stagg,ahdeo4Ru1az,2431 Mount Tabor,Monsey,NY,10952,4539977551788012
FernPMattox@dodgit.com,Fern,Mattox,foebee6Phui,4472 Red Hawk Road,Saint Cloud,MN,56301,5373358481484913
DanielKOrdonez@mailinator.com,Daniel,Ordonez,geichet9Euqu,2699 Mapleview Drive,St Petersburg,FL,33712,5542858239890382
MichaelGDickerson@pookmail.com,Michael,Dickerson,AiChu4quo,2099 Williams Lane,Wichita,KS,67202,5150312055212779
MaryJRay@trashymail.com,Mary,Ray,UPohxei2ie,596 Skips Lane,Young,AZ,85554,5108150517494053
AnnaJWilliams@pookmail.com,Anna,Williams,meeDah1ah,2931 Joes Road,Johnstown,NY,12095,4929508259557389
AdeliaRFleming@trashymail.com,Adelia,Fleming,Tu0ooteibu,3613 Emerson Road,Dubach,LA,71235,4716731910358776
BrigetteLBrzozowski@dodgit.com,Brigette,Brzozowski,ohM8eiCae,2698 Providence Lane,Covina,CA,91723,4532132287263784
JudyMJackson@trashymail.com,Judy,Jackson,Wuezaiph0,1225 Browning Lane,Endicott,NY,13760,5384609117481674
ScottRMiller@dodgit.com,Scott,Miller,ij2Ui7uu,3061 Trouser Leg Road,Springfield,MA,01103,4556903731914128
DianeTFlores@dodgit.com,Diane,Flores,AedeiLioh2ee,3530 Devils Hill Road,Florence,MS,39073,5211571695790620
HarrietRRobinson@mailinator.com,Harriet,Robinson,ONg4MuaM,772 Boundary Street,Jacksonville,FL,32257,4916452069395422
ElizabethNGalloway@spambob.com,Elizabeth,Galloway,Lai0esoh8,2454 Burke Street,Stoughton,MA,02072,4556605863010241
JulieCSmith@mailinator.com,Julie,Smith,mohw2OoNg,2885 Oakridge Farm Lane,West Allis,WI,53227,5327472509281081
KerryDHou@pookmail.com,Kerry,Hou,Ek6kohMei2,221 Woodland Drive,Sioux City,IA,51101,5585515050432508
DorisRFoster@trashymail.com,Doris,Foster,Aph9aich,1239 Camden Street,Reno,NV,89501,5396356604837010
JordanLWhite@spambob.com,Jordan,White,ohru0Eech4g,3921 Howard Street,Grand Rapids,MI,49503,5105735771124983
DianeMHolleman@spambob.com,Diane,Holleman,ech6IeCuvoh,3461 Pleasant Hill Road,Miami,FL,33169,4556596094588339
RosieTLove@mailinator.com,Rosie,Love,aetae2oeW,2381 Lake Floyd Circle,Rockville,MD,20852,4539180709059671
JudithJMattson@dodgit.com,Judith,Mattson,moo4io6Foo,4217 Thompson Street,Anaheim,CA,92805,5349992840357260
RaymondGLindsey@trashymail.com,Raymond,Lindsey,eeLie7OhG9oh,2882 Juniper Drive,Saginaw,MI,48607,4532970582564400
RafaelSBabin@trashymail.com,Rafael,Babin,aiWae5shi,2454 Hickman Street,Rolling Meadows,IL,60008,4716168759798731
EvanMCarter@dodgit.com,Evan,Carter,shuuNg2l,3851 Kelly Drive,Charleston,WV,25301,4929450678080935
GarySLouie@mailinator.com,Gary,Louie,Quoom3moo,659 Ridge Road,Severy,KS,67137,4539166026472838
JerryCMilne@mailinator.com,Jerry,Milne,hae7uToyeev7,4534 Shearwood Forest Drive,Manchester,NH,03109,5298263341477812
RaulDCully@dodgit.com,Raul,Cully,shor1IGh6,109 Jadewood Drive,Deerfield,IL,60015,5304238453518860
BrendaGWest@trashymail.com,Brenda,West,ohphohDae5,2584 Griffin Street,Phoenix,AZ,85012,5300513710781558
ShawnLGillingham@mailinator.com,Shawn,Gillingham,Chaesi9ie,3332 Half and Half Drive,Fresno,CA,93721,5580668520190977
DonnaTLewis@trashymail.com,Donna,Lewis,iNguod8roh,916 Franklin Avenue,Live Oak,FL,32064,5155978835595173
BerthaJPowers@dodgit.com,Bertha,Powers,thashao6Es3,3164 Lake Forest Drive,La Grange (Dutchess),NY,12540,5541456162313752
DaleMAshby@dodgit.com,Dale,Ashby,WoNg9eejieph,1539 Modoc Alley,Montpelier,ID,83254,5238255082640049
ShandraDSpencer@dodgit.com,Shandra,Spencer,uVe5boh7,2163 Hillview Street,Columbia,SC,29201,4916828047151666
SallyJMullet@dodgit.com,Sally,Mullet,Engai1Me8soh,4346 Trymore Road,Sanborn,MN,56083,5273199442182910
RobertWChampion@spambob.com,Robert,Champion,aechoLi9oosei,1546 Hillside Drive,Westborough,MA,01581,5104437187714512
JamesCStjohn@pookmail.com,James,Stjohn,EeP1hie8ixi,2359 Edgewood Road,Bodcaw,AR,71801,5323126033645625
HaroldNHill@trashymail.com,Harold,Hill,sheiy7Pha6ai,4192 Wildwood Street,Stow,OH,44224,5584673430379401
JosephARaymond@spambob.com,Joseph,Raymond,iur1iV5Thie,4072 Southern Avenue,Murray,IA,50174,5555209137018391
PatriciaRJohnson@mailinator.com,Patricia,Johnson,ach2Vae3,3883 Boundary Street,Jacksonville,FL,32202,5115678015196847
